Timestamp,Message,Detected Names
2025-04-24 05:34:08,Person Detected - Fahad,Fahad
2025-04-24 05:34:46,Person Detected - Fahad,Fahad
2025-04-24 05:34:52,Person Detected - Fahad,Fahad
2025-04-24 05:34:58,Person Detected - Fahad,Fahad
2025-04-24 05:35:06,Person Detected - Fahad,Fahad
2025-04-24 05:35:50,Person Detected - Ammar,Ammar
2025-04-24 13:04:36,Person Detected - Fahad,Fahad
2025-04-24 13:04:42,Person Detected - Fahad,Fahad
2025-04-24 13:04:49,Person Detected - Fahad,Fahad
2025-04-24 13:04:58,Person Detected - Ammar,Ammar
2025-04-24 13:05:04,Person Detected - Ammar,"Ammar, Unknown"
2025-04-24 13:05:10,Person Detected - Unknown,"Ammar, Unknown"
2025-04-24 13:05:25,Person Detected - Fahad,Fahad
2025-04-24 13:05:32,Person Detected - Fahad,Fahad
2025-04-24 13:05:38,Person Detected - Fahad,Fahad
2025-04-24 13:05:44,Person Detected - Fahad,Fahad
2025-04-24 13:05:50,Person Detected - Fahad,Fahad
2025-04-24 13:05:56,Person Detected - Fahad,Fahad
2025-04-24 13:39:41,Person Detected - Fahad,Fahad
2025-04-24 13:39:47,Person Detected - Fahad,Fahad
2025-04-24 13:39:52,Person Detected - Fahad,Fahad
2025-04-24 13:39:58,Person Detected - Fahad,Fahad
2025-04-24 13:40:04,Person Detected - Ammar,"Ammar, Unknown"
2025-04-24 13:40:09,Person Detected - Unknown,"Ammar, Unknown"
2025-04-24 13:40:15,Person Detected - Ammar,Ammar
2025-04-24 13:40:20,Person Detected - Ammar,Ammar
2025-04-24 13:40:26,Person Detected - Ammar,Ammar
2025-04-24 13:40:31,Person Detected - Ammar,Ammar
2025-04-24 13:40:39,Person Detected - Fahad,Fahad
2025-04-24 13:40:44,Person Detected - Fahad,Fahad
2025-04-24 13:44:46,Person Detected - Fahad,Fahad
2025-04-24 13:44:53,Person Detected - Fahad,Fahad
2025-04-24 13:44:59,Person Detected - Fahad,Fahad
2025-04-24 13:45:04,Person Detected - Fahad,Fahad
2025-04-24 13:45:10,Person Detected - Fahad,Fahad
2025-04-24 13:45:27,Person Detected - Fahad,Fahad
2025-04-24 13:45:34,Person Detected - Fahad,Fahad
2025-04-24 13:45:39,Person Detected - Ammar,Ammar
2025-04-24 13:45:45,Person Detected - Fahad,Fahad
2025-04-24 14:20:52,Person Detected - Ammar,Ammar
2025-04-24 14:21:02,Person Detected - Unknown,Unknown
2025-04-24 14:21:10,Person Detected - Fahad,Fahad
2025-04-24 14:21:19,Person Detected - Fahad,Fahad
2025-04-24 14:21:48,Person Detected - Fahad,Fahad
2025-04-24 14:22:00,Person Detected - Fahad,Fahad
2025-04-24 14:22:17,Person Detected - Fahad,Fahad
2025-04-24 14:22:23,Person Detected - Fahad,Fahad
2025-04-24 14:22:29,Person Detected - Fahad,Fahad
2025-04-24 14:22:35,Person Detected - Fahad,Fahad
2025-04-24 14:22:41,Person Detected - Fahad,Fahad
2025-04-24 14:23:22,Person Detected - Fahad,Fahad
2025-04-24 14:23:28,Person Detected - Fahad,"Fahad, Fahad"
2025-04-24 14:23:34,Person Detected - Fahad,"Fahad, Fahad"
2025-04-24 14:23:40,Person Detected - Fahad,"Fahad, Unknown"
2025-04-24 14:23:46,Person Detected - Unknown,"Fahad, Unknown"
2025-04-24 14:23:52,Person Detected - Fahad,Fahad
2025-04-24 14:23:59,Person Detected - Fahad,"Fahad, Fahad"
2025-04-24 14:24:04,Person Detected - Fahad,"Fahad, Fahad"
2025-04-24 14:24:13,Person Detected - Fahad,Fahad
2025-04-25 23:44:20,Person Detected - Ammar,Ammar
2025-04-25 23:44:26,Person Detected - Ammar,Ammar
2025-04-25 23:44:33,Person Detected - Ammar,Ammar
2025-04-25 23:45:19,Person Detected - Fahad,Fahad
2025-04-25 23:45:27,Person Detected - Fahad,Fahad
2025-04-25 23:49:40,Person Detected - Unknown,Unknown
2025-04-25 23:49:47,Person Detected - Unknown,Unknown
2025-04-25 23:49:53,Person Detected - Ammar,
2025-04-25 23:49:59,Person Detected - Ammar,Ammar
2025-04-25 23:50:05,Person Detected - Ammar,Ammar
2025-04-25 23:50:21,Person Detected - Ammar,Ammar
2025-04-25 23:52:01,Person Detected - Unknown,Unknown
2025-04-25 23:52:07,Person Detected - Fahad,Fahad
2025-04-25 23:52:13,Person Detected - Fahad,Fahad
2025-04-25 23:52:34,Person Detected - Fahad,Fahad
2025-04-25 23:52:41,Person Detected - Unknown,Unknown
2025-04-25 23:52:47,Person Detected - Unknown,Unknown
2025-04-26 00:41:13,Person Detected - Fahad,Fahad
2025-04-26 00:41:19,Person Detected - Fahad,Fahad
2025-04-26 00:41:25,Person Detected - Fahad,Fahad
2025-04-26 00:41:31,Person Detected - Unknown,Unknown
2025-04-26 00:41:37,Person Detected - Unknown,Unknown
2025-04-26 00:41:43,Person Detected - Unknown,Unknown
2025-04-26 00:41:48,Person Detected - Unknown,Unknown
2025-04-26 00:42:38,Person Detected - Unknown,Unknown
2025-04-26 00:42:45,Person Detected - Fahad,Fahad
2025-04-26 00:42:51,Person Detected - Unknown,Unknown
2025-04-26 00:42:57,Person Detected - Unknown,Unknown
2025-04-26 00:43:03,Person Detected - Unknown,Unknown
2025-04-26 00:43:12,Person Detected - Unknown,Unknown
2025-04-26 00:43:18,Person Detected - Unknown,Unknown
2025-04-26 00:43:54,Person Detected - Unknown,Unknown
2025-04-26 00:44:00,Person Detected - Unknown,Unknown
2025-04-26 00:44:06,Person Detected - Unknown,"Unknown, Unknown"
2025-04-26 00:44:12,Person Detected - Unknown,"Unknown, Unknown"
2025-04-26 00:44:19,Person Detected - Fahad,Fahad
2025-04-26 00:44:24,Person Detected - Fahad,Fahad
2025-04-26 00:44:30,Person Detected - Fahad,Fahad
2025-04-26 00:44:36,Person Detected - Fahad,Fahad
2025-04-26 04:19:22,Person Detected - Fahad,Fahad
2025-04-26 04:19:28,Person Detected - Fahad,Fahad
2025-04-26 04:19:34,Person Detected - Fahad,Fahad
2025-04-26 04:19:39,Person Detected - Fahad,Fahad
2025-04-26 04:19:45,Person Detected - Fahad,Fahad
2025-04-26 04:19:51,Person Detected - Fahad,Fahad
2025-04-26 04:19:57,Person Detected - Fahad,Fahad
2025-04-26 04:20:02,Person Detected - Fahad,Fahad
2025-04-26 04:20:08,Person Detected - Fahad,Fahad
2025-04-26 04:20:14,Person Detected - Fahad,Fahad
2025-05-04 18:07:17,Person Detected - Ammar,Ammar
2025-05-04 18:07:23,Person Detected - Ammar,Ammar
2025-05-04 18:07:28,Person Detected - Ammar,Ammar
2025-05-04 18:07:34,Person Detected - Ammar,Ammar
2025-05-04 18:07:39,Person Detected - Ammar,Ammar
2025-05-04 18:07:45,Person Detected - Ammar,Ammar
2025-05-04 18:30:55,Person Detected - Unknown,Unknown
2025-05-04 18:31:01,Person Detected - Ammar,Ammar
2025-05-04 18:31:07,Person Detected - Unknown,Unknown
2025-05-04 18:31:13,Person Detected - Ammar,Ammar
2025-05-04 18:31:19,Person Detected - Unknown,Unknown
2025-05-04 18:31:25,Person Detected - Unknown,Unknown
2025-05-04 18:31:31,Person Detected - Unknown,Unknown
2025-05-04 18:31:37,Person Detected - Unknown,Unknown
2025-05-04 18:31:43,Person Detected - Unknown,Unknown
2025-05-04 18:31:49,Person Detected - Unknown,Unknown
2025-05-04 18:31:56,Person Detected - Unknown,Unknown
2025-05-04 18:32:03,Person Detected - Unknown,Unknown
2025-05-04 18:32:10,Person Detected - Unknown,Unknown
2025-05-04 18:32:16,Person Detected - Unknown,Unknown
2025-05-04 18:32:22,Person Detected - Unknown,Unknown
2025-05-04 18:32:28,Person Detected - Ammar,Ammar
2025-05-04 18:32:34,Person Detected - Unknown,Unknown
2025-05-04 18:32:40,Person Detected - Unknown,Unknown
2025-05-04 18:33:40,Person Detected - Unknown,Unknown
2025-05-04 18:33:47,Person Detected - Unknown,Unknown
2025-05-04 18:33:53,Person Detected - Unknown,Unknown
2025-05-04 18:33:59,Person Detected - Unknown,Unknown
